model_name,model_text,parameters,species
linear_combo,"2P1-P2
P1+P2-P3
P1+P3-P4
P1+P4-P5
P1+P5-P6
P1+P6-P7
P1+P7-P8
P1+P8-P9
P1+P9-P10
P1+P10-P11
P1+P11-P12
2P2-P4
P2+P3-P5
P2+P4-P6
2P3-P6
P2+P5-P7
P3+P4-P7
P2+P6-P8
P3+P5-P8
2P4-P8
P2+P7-P9
P3+P6-P9
P4+P5-P9
P2+P8-P10
P3+P7-P10
P4+P6-P10
2P5-P10
P2+P9-P11
P3+P8-P11
P4+P7-P11
P5+P6-P11
P2+P10-P12
P3+P9-P12
P4+P8-P12
P5+P7-P12
2P6-P12","k1f, k1r, k2f, k2r, k3f, k3r, k4f, k4r, k5f, k5r, k6f, k6r, k7f, k7r, k8f, k8r, k9f, k9r, k10f, k10r, k11f, k11r, k12f, k12r, k13f, k13r, k14f, k14r, k15f, k15r, k16f, k16r, k17f, k17r, k18f, k18r, k19f, k19r, k20f, k20r, k21f, k21r, k22f, k22r, k23f, k23r, k24f, k24r, k25f, k25r, k26f, k26r, k27f, k27r, k28f, k28r, k29f, k29r, k30f, k30r, k31f, k31r, k32f, k32r, k33f, k33r, k34f, k34r, k35f, k35r, k36f, k36r","P1, P2, P3, P4, P5, P6, P7, P8, P9, P10, P11, P12"
linear_homo,"2P1-P2
P1+P2-P3
P1+P3-P4
P1+P4-P5
P1+P5-P6
P1+P6-P7
P1+P7-P8
P1+P8-P9
P1+P9-P10
P1+P10-P11
P1+P11-P12
2P2-P4
2P3-P6
2P4-P8
2P5-P10
2P6-P12","k1f, k1r, k2f, k2r, k3f, k3r, k4f, k4r, k5f, k5r, k6f, k6r, k7f, k7r, k8f, k8r, k9f, k9r, k10f, k10r, k11f, k11r, k12f, k12r, k13f, k13r, k14f, k14r, k15f, k15r, k16f, k16r","P1, P2, P3, P4, P5, P6, P7, P8, P9, P10, P11, P12"
linear_step,"2P1-P2
P1+P2-P3
P1+P3-P4
P1+P4-P5
P1+P5-P6
P1+P6-P7
P1+P7-P8
P1+P8-P9
P1+P9-P10
P1+P10-P11
P1+P11-P12","k1f, k1r, k2f, k2r, k3f, k3r, k4f, k4r, k5f, k5r, k6f, k6r, k7f, k7r, k8f, k8r, k9f, k9r, k10f, k10r, k11f, k11r","P1, P2, P3, P4, P5, P6, P7, P8, P9, P10, P11, P12"
order2_combo,"2P1-P2
2P2-P4
P2+P4-P6
P2+P6-P8
P2+P8-P10
P2+P10-P12
P2+P12-P14
P2+P14-P16
2P4-P8
P4+P6-P10
P4+P8-P12
P4+P10-P14
P4+P12-P16
2P6-P12
P6+P8-P14
P6+P10-P16
2P8-P16","k1f, k1r, k2f, k2r, k3f, k3r, k4f, k4r, k5f, k5r, k6f, k6r, k7f, k7r, k8f, k8r, k9f, k9r, k10f, k10r, k11f, k11r, k12f, k12r, k13f, k13r, k14f, k14r, k15f, k15r, k16f, k16r, k17f, k17r","P1, P2, P4, P6, P8, P10, P12, P14, P16"
order2_homo,"2P1-P2
2P2-P4
P2+P4-P6
P2+P6-P8
P2+P8-P10
P2+P10-P12
P2+P12-P14
P2+P14-P16
2P4-P8
2P6-P12
2P8-P16","k1f, k1r, k2f, k2r, k3f, k3r, k4f, k4r, k5f, k5r, k6f, k6r, k7f, k7r, k8f, k8r, k9f, k9r, k10f, k10r, k11f, k11r","P1, P2, P4, P6, P8, P10, P12, P14, P16"
order2_step,"2P1-P2
2P2-P4
P2+P4-P6
P2+P6-P8
P2+P8-P10
P2+P10-P12
P2+P12-P14
P2+P14-P16","k1f, k1r, k2f, k2r, k3f, k3r, k4f, k4r, k5f, k5r, k6f, k6r, k7f, k7r, k8f, k8r","P1, P2, P4, P6, P8, P10, P12, P14, P16"
order3_combo,"2P1-P2
P1+P2-P3
2P3-P6
P3+P6-P9
P3+P9-P12
2P6-P12","k1f, k1r, k2f, k2r, k3f, k3r, k4f, k4r, k5f, k5r, k6f, k6r","P1, P2, P3, P6, P9, P12"
order3_step,"2P1-P2
P1+P2-P3
2P3-P6
P3+P6-P9
P3+P9-P12","k1f, k1r, k2f, k2r, k3f, k3r, k4f, k4r, k5f, k5r","P1, P2, P3, P6, P9, P12"
